TICKER,HOLDERS,TOP HOLDER,Total Held,FREE FLOAT
IBST,1,PT IFORTE SOLUSI INFOTEK,100.0%,0.05% ⚠️
HITS,4,PT INVESTA DHARMA PUTERA,99.9%,0.08% ⚠️
SUPR,2,PT PROFESIONAL TELEKOMUNIKASI INDONESIA,99.9%,0.08% ⚠️
DCII,10,OTTO TOTO SUGIRI,99.8%,0.15% ⚠️
POLU,5,PT PROFASHION APPAREL,99.8%,0.19% ⚠️
ROCK,8,LUCIANA,99.8%,0.20% ⚠️
FASW,2,SIAM KRAFT INDUSTRY COMPANY LIMITED,99.8%,0.22% ⚠️
POLI,7,PO SUN KOK,99.7%,0.28% ⚠️
DUTI,3,BUMI SERPONG DAMAI TBK PT,99.4%,0.59% ⚠️
MFMI,1,IRON MOUNTAIN HONG KONG LIMITED,99.3%,0.65% ⚠️
SOSS,4,PT. Alsok Bass Indonesia Security Services,99.3%,0.66% ⚠️
META,2,PT METRO PACIFIC TOLLWAYS INDONESIA SERVICES,99.3%,0.68% ⚠️
FAPA,7,PRINSEP MANAGEMENT LIMITED,99.3%,0.73% ⚠️
BLTZ,4,CGI HOLDINGS LIMITED,99.3%,0.74% ⚠️
IFSH,5,PT FAJAR MINING RESOURCES,99.2%,0.84% ⚠️
SMAR,3,SINAR MAS AGRO RESOURCES AND TECHNOLOGY TbPkT PURIMAS SASMITA,99.2%,0.84% ⚠️
MPRO,10,JONATHAN TAHIR,99.1%,0.91% ⚠️
KMTR,5,HSF (S) PTE LTD,99.0%,0.99% ⚠️
SMDM,1,BUMI SERPONG DAMAI TBK PT,99.0%,1.03% ⚠️
SCPI,1,ORGANON LLC,98.8%,1.21% ⚠️
PGUN,6,PT ARAYA AGRO LESTARI,99.9%,1.26% ⚠️
JSPT,7,PT JAN DARMADI INVESTINDO,98.7%,1.27% ⚠️
SMCB,2,PT SEMEN INDONESIA (PERSERO) TBK,98.7%,1.32% ⚠️
GSMF,10,EQUITY GLOBAL INTERNATIONAL LIMITED,98.7%,1.34% ⚠️
BBSI,6,PT FINACCEL TEKNOLOGI INDONESIA,98.6%,1.43% ⚠️
CBUT,8,PT SAWIT SUMBERMAS SARANA TBK,98.5%,1.45% ⚠️
BNII,6,SORAK FINANCIAL HOLDINGS PTE LTD,98.5%,1.48% ⚠️
PRAY,5,PT. FAMON OBOR MAJU,98.5%,1.52% ⚠️
BYAN,10,LOW TUCK KWONG,98.5%,1.54% ⚠️
CMNT,6,WH INVESTMENTS PTE. LTD.,98.4%,1.58% ⚠️
ANJT,2,FIRST RESOURCES LIMITED,98.4%,1.63% ⚠️
POLL,6,PT BORNEO MELAWAI PERKASA,98.3%,1.66% ⚠️
ARTA,7,"LUCAS, SH. CN",99.6%,1.77% ⚠️
GEMS,7,PT DIAN SWASTATIKA SENTOSA TBK,98.2%,1.85% ⚠️
CTBN,7,KESTREL WAVE INVESTMENT LTD,99.5%,2.03% ⚠️
BMAS,5,KASIKORN VISION FINANCIAL COMPANY PTE LTD,97.9%,2.06% ⚠️
SKLT,11,GREEN RESOURCES INVESTMENTS PTE. LTD.,97.9%,2.06% ⚠️
GHON,6,"TOWER BERSAMA INFRASTRUCTURE, TBK, PT",99.0%,2.09% ⚠️
MLPT,6,PT. MULTIPOLAR TBK,97.8%,2.23% ⚠️
BTPN,5,SUMITOMO MITSUI BANKING CORPORATION,99.6%,2.28% ⚠️
SDRA,3,WOORI BANK,97.5%,2.46% ⚠️
JAWA,3,UOB KAY HIAN PTE LTD A/C UNITED OVERSEAS BANK A/C PT SARANA AGRO INVESTAMA,97.5%,2.48% ⚠️
GMTD,16,"MAKASSAR PERMATA SULAWESI, PT",97.4%,2.63% ⚠️
PSSI,7,PT INDOPRIMA MARINE,97.3%,2.65% ⚠️
SURE,4,PT SUPER CAPITAL INDONESIA,98.9%,2.92% ⚠️
IFII,8,"ADRINDO INTIPERKASA, PT",99.4%,3.09% ⚠️
SONA,5,DFS VENTURE SINGAPORE (PTE) LIMITED,98.3%,3.12% ⚠️
RSGK,4,PT SARANA MEDITAMA METROPOLITAN TBK,96.8%,3.16% ⚠️
TGKA,5,PENTA WIDJAJA INVESTINDO,96.8%,3.19% ⚠️
PDES,11,PT PANORAMA SENTRAWISATA TBK,97.9%,3.21% ⚠️
VRNA,4,MIZUHO LEASING CO LTD,97.9%,3.21% ⚠️
HDFA,4,RUBICON INVESTMENTS HOLDING PTE. LTD.,96.7%,3.26% ⚠️
PLIN,1,PT PLAZA INDONESIA INVESTAMA,96.6%,3.39% ⚠️
GOLF,6,BALI PECATU GRAHA,96.5%,3.51% ⚠️
ELPI,6,PELAYARAN NASIONAL EKALYA PURNAMASARI TbkKREASI CIPTA TIMUR,98.2%,3.52% ⚠️
AMAR,6,TOLARAM PTE. LTD.,96.4%,3.62% ⚠️
DAYA,5,TOTAL ALLIANCE HOLDINGS LIMITED,99.2%,3.67% ⚠️
KSIX,8,PT BADRA ARTA,98.8%,3.73% ⚠️
PTSP,11,PT. GRAHA SENTOSA PERSADA,96.2%,3.78% ⚠️
ROTI,8,PT. INDORITEL MAKMUR INTERNASIONAL TBK,96.2%,3.81% ⚠️
BCIC,5,J TRUST CO LTD,96.2%,3.84% ⚠️
GTBO,4,GREEN RIVER PTE LTD,96.2%,3.84% ⚠️
OMRE,8,FIRST PACIFIC CAPITAL GROUP LIMITED,96.1%,3.90% ⚠️
NETV,6,PT MD PICTURES TBK,96.1%,3.92% ⚠️
STAA,10,PT MALIBU INDAH LESTARI,96.1%,3.92% ⚠️
DVLA,2,BLUE SPHERE SINGAPORE PTE LTD,96.0%,4.02% ⚠️
BSWD,3,BANK OF INDIA,97.6%,4.05% ⚠️
NICE,5,"ENERGY BATTERY INDONESIA, PT",95.9%,4.07% ⚠️
COWL,5,PT Gama Nusapala,97.4%,4.14% ⚠️
KIAS,3,SCG DECOR PUBLIC COMPANY LIMITED,95.8%,4.25% ⚠️
CITA,4,HARITA JAYARAYA,98.6%,4.33% ⚠️
DNAR,3,OK NEXT CO.LTD,95.6%,4.39% ⚠️
WICO,2,CTLA SAFEKEEPING ACCOUNT DKSH HOLDING LTD,98.1%,4.50% ⚠️
GOLL,6,"JOM PRAWARSA INDONESIA, PT",95.4%,4.58% ⚠️
AGII,5,PT SAMATOR,95.4%,4.59% ⚠️
BABY,2,BLOOMING YEARS PTE.LTD.,95.4%,4.59% ⚠️
LFLO,7,ANG PHEK TUAN,98.0%,4.66% ⚠️
PMJS,7,PT. PAHALAMAS SEJAHTERA,98.9%,4.67% ⚠️
PNSE,9,PT. ISTANA KUTA RATU PRESTIGE,95.3%,4.67% ⚠️
DNET,9,HANNAWELL GROUP LIMITED,97.8%,4.71% ⚠️
NATO,18,PT MERCURY STRATEGIC INDONESIA,96.5%,4.72% ⚠️
WOMF,4,PT BANK MAYBANK INDONESIA TBK,95.1%,4.86% ⚠️
RANC,6,PT GLOBAL DIGITAL NIAGA TBK,96.4%,4.88% ⚠️
MAPB,4,"MITRA ADIPERKASA, TBK, PT",98.2%,5.03% ⚠️
PTSN,6,ABIDIN FAN,96.1%,5.09% ⚠️
OMED,5,INTISUMBER HASILSEMPURNA,94.8%,5.19% ⚠️
BPII,3,MALACCA TRUST PTE. LTD.,99.7%,5.20% ⚠️
MORA,10,PT CANDRAKARYA MULTIKREASI,99.7%,5.24% ⚠️
TIFA,4,THE KOREA DEVELOPMENT BANK,99.6%,5.25% ⚠️
PORT,7,CHINA MERCHANTS INTERNATIONAL PORT-INTEGRATED DEVELOPMENT (HONG KONG) COMPANY LIMITED,99.6%,5.39% ⚠️
INRU,3,ALLIED HILL LIMITED,96.9%,5.40% ⚠️
INDR,4,INDORAMA HOLDINGS B.V.,94.5%,5.51% ⚠️
SAPX,5,PT SATRIA INVESTAMA PERDANA,94.5%,5.51% ⚠️
CRSN,7,SHEILA MARIA TIWAN,96.5%,5.53% ⚠️
SHIP,5,PT GOLDENHEAVEN PRIMA INVESTAMA,94.3%,5.69% ⚠️
TRIS,12,PT. INTI NUSA DAMAI,95.5%,5.73% ⚠️
EPMT,2,KALBE FARMA TBK PT,94.3%,5.75% ⚠️
TAMU,5,PT ANDALAN LEPAS PANTAI,94.2%,5.77% ⚠️
SSMS,9,PT.CITRA BORNEO INDAH,94.2%,5.81% ⚠️
PSAB,3,JIMMY BUDIARTO,94.2%,5.83% ⚠️
MBAP,4,PT WAHANA SENTOSA CEMERLANG,95.9%,5.87% ⚠️
CITY,15,PT SAKTI GENERASI PERDANA,94.1%,5.88% ⚠️
NEST,8,HOO ANTON SISWANTO,95.4%,5.91% ⚠️
PGEO,4,PERTAMINA POWER INDONESIA,94.0%,5.95% ⚠️
CEKA,4,"SENTRATAMA NIAGA INDONESIA, PT",95.3%,5.98% ⚠️
BPTR,5,"PT. BATAVIA PROSPERINDO INTERNASIONAL, TBK",94.0%,5.99% ⚠️
GLOB,4,"TRIKOMSEL OKE TBK,PT",98.1%,6.01% ⚠️
IKBI,3,"Sumitomo Electric Industries, Ltd",94.0%,6.02% ⚠️
TRGU,5,"SUNTERRA INDONESIA, PT",94.0%,6.03% ⚠️
DEPO,5,PT TANCORP SURYA SUKSES,93.9%,6.06% ⚠️
KEJU,4,"GARUDAFOOD PUTRA PUTRI JAYA TBK, PT",93.9%,6.08% ⚠️
BNLI,4,BANGKOK BANK PUBLIC COMPANY LIMITED,99.7%,6.11% ⚠️
KING,9,JAPARTO SUKSES MANDIRI,96.8%,6.11% ⚠️
TPIA,7,BARITO PACIFIC TBK,93.8%,6.18% ⚠️
DART,5,HARTADI ANGKOSUBROTO,95.2%,6.21% ⚠️
SRAJ,10,PT SURYA CIPTA INTI CEMERLANG,98.4%,6.26% ⚠️
LINK,6,AXIATA INVESTMENTS (INDONESIA) SDN.BHD,99.5%,6.30% ⚠️
ALMI,5,PT HUSIN INVESTAMA,93.6%,6.39% ⚠️
ESTI,2,EVER SHINE TEXTILE INDUSTRY CAHAYA INTERKONTINENTAL. PT,93.6%,6.43% ⚠️
MGLV,7,NEXTIER DATAMATE CENTER PT,93.5%,6.48% ⚠️
MLIA,10,PT. EKA GUNATAMA MANDIRI,93.5%,6.52% ⚠️
CNMA,5,PT. HARKATJAYA BUMIPERSADA,93.5%,6.53% ⚠️
ADMF,2,"BANK DANAMON INDONESIA Tbk, PT - REGISTRAR",93.4%,6.58% ⚠️
MDIA,5,PT VISI MEDIA ASIA Tbk,94.5%,6.59% ⚠️
MMLP,2,SAKA INDUSTRIAL ARJAYA,93.4%,6.64% ⚠️
BINO,2,RUHONG HOLDING PTE LTD,93.3%,6.67% ⚠️
KOBX,2,PT KOBEXINDO INVESTAMA,93.3%,6.67% ⚠️
SIPD,3,GREAT GIANT PINEAPPLE,94.6%,6.68% ⚠️
MTMH,9,SUMATERA TEKNINDO,94.8%,6.70% ⚠️
SKRN,8,PT SAGA INVESTAMA SEDAYA,98.1%,6.76% ⚠️
SAMF,9,PT. SARASWANTI UTAMA,98.2%,6.78% ⚠️
GMFI,2,PT ANGKASA PURA INDONESIA,93.2%,6.79% ⚠️
RISE,7,PT TANCORP GLOBAL SENTOSA,95.5%,6.83% ⚠️
BDMN,2,MUFG Bank Ltd,93.1%,6.89% ⚠️
SILO,5,SIGHT INVESTMENT COMPANY PTE LIMITED,93.1%,6.93% ⚠️
SAFE,5,"Infiniti Wahana, PT",94.4%,7.00% ⚠️
MCOL,5,EDIKA AGUNG MANDIRI PT,94.4%,7.04% ⚠️
PANI,5,MULTI ARTHA PRATAMA PT,92.9%,7.06% ⚠️
GIAA,2,PERUSAHAAN PERSEROAN (PERSERO) PT DANANTARA ASSET MANAGEMENT,92.9%,7.09% ⚠️
SMMT,5,PT GEO ENERGY INVESTAMA,94.2%,7.10% ⚠️
GDYR,5,THE GOODYEAR TIRE & RUBBER,94.5%,7.13% ⚠️
TBIG,3,BERSAMA DIGITAL INFRASTRUCTURE ASIA PTE. LTD.,92.8%,7.21% ⚠️
BESS,6,PT BATULICIN ENAM SEMBILAN TRANSPORTASI,95.5%,7.28% ⚠️
FMII,6,PT SURYA MEGA INVESTINDO,97.6%,7.28% ⚠️
SCNP,11,SENA DWIMAKMUR,97.5%,7.28% ⚠️
BBRM,4,PT. MARCO POLO INDONESIA,92.7%,7.35% ⚠️
MTWI,6,"PT. BATAVIA PROSPERINDO INTERNASIONAL, TBK",96.9%,7.37% ⚠️
TALF,5,PT PROINVESTINDO,98.6%,7.37% ⚠️
BBHI,8,PT MEGA CORPORA,92.6%,7.41% ⚠️
VINS,6,PT. Victoria Investama Tbk,95.6%,7.41% ⚠️
GDST,7,GWIE GUNATO GUNAWAN,96.9%,7.47% ⚠️
FPNI,1,LOTTE CHEMICAL TITAN INTERNATIONAL SDN.BHD,92.5%,7.50% ⚠️
BNGA,2,CIMB GROUP SDN BHD,92.5%,7.53% ⚠️
AKSI,1,PT BATULICIN ENAM SEMBILAN TRANSPORTASI,92.5%,7.54% ⚠️
HMSP,1,PHILIP MORRIS INDONESIA,92.4%,7.56% ⚠️
ESTA,6,PT. Esta Utama Corpora,95.3%,7.57% ⚠️
KOIN,3,SCG DISTRIBUTION COMPANY LIMITED,95.7%,7.58% ⚠️
CMPP,3,AIRASIA AVIATION GROUP LIMITED,96.2%,7.59% ⚠️
PNBS,2,"BANK PAN INDONESIA TBK, PT",92.4%,7.60% ⚠️
ADES,2,WATER PARTNERS BOTTLING SA,92.4%,7.61% ⚠️
IGAR,3,PT Kingsford Holdings,92.4%,7.64% ⚠️
URBN,6,PT. Nusa Wijaya Propertindo,94.7%,7.66% ⚠️
MTEL,6,PT TELEKOMUNIKASI INDONESIA,92.3%,7.75% ⚠️
ERTX,1,PT UNGARAN SARI GARMENTS,92.2%,7.81% ⚠️
CENT,2,EP ID HOLDINGS PTE.LTD,96.2%,7.83% ⚠️
SPMA,4,PT PACIFIC STAR SYNERGY,93.6%,7.86% ⚠️
EDGE,3,DIGITAL EDGE (HONG KONG) LIMITED,99.6%,7.90% ⚠️
UANG,7,"SIRIUS SURYA SENTOSA, PT",93.2%,7.90% ⚠️
FITT,6,PT JINLONG RESOURCES INVESTMENT,94.3%,7.99% ⚠️
LCKM,4,PT LCK INVESTAMA PRIMA INDONESIA,92.0%,8.02% ⚠️
IMJS,1,PT. INDOMOBIL SUKSES INTERNASIONAL TBK,92.0%,8.03% ⚠️
CUAN,6,PRAJOGO PANGESTU,92.0%,8.04% ⚠️
ARGO,10,ARGO MANUNGGAL LAND DEVELOPMENT,91.9%,8.11% ⚠️
JARR,6,ESHAN AGRO SENTOSA PT,97.2%,8.13% ⚠️
BPFI,6,"WOORI CARD CO., LTD.",98.4%,8.15% ⚠️
NELY,3,"HASKOJAYA ABADI,PT",93.1%,8.15% ⚠️
IPOL,6,JEFFLYNE GOLDEN HOLDINGS PTE LTD,91.7%,8.28% ⚠️
BELI,5,PT GLOBAL INVESTAMA ANDALAN,91.7%,8.29% ⚠️
PJAA,3,PEMERINTA1H DAERAH DKI JAKARTA,91.7%,8.29% ⚠️
TDPM,9,DH CORPORATION LTD,94.2%,8.29% ⚠️
KOPI,5,PT. Mulya Tara Mandiri,93.2%,8.31% ⚠️
CCSI,6,COMMUNICATION CABLE SYSTEMS INDONESIA TbkGRAHATAMA KREASIBARU,91.7%,8.33% ⚠️
BNBA,4,PT TAKJUB FINANSIAL TEKNOLOGI,91.7%,8.35% ⚠️
AKPI,14,TIARA INTIMAHKOTA,97.5%,8.37% ⚠️
MYTX,3,INDAH JAYA INVESTAMA PT,93.6%,8.40% ⚠️
BKSW,3,QATAR NATIONAL BANK Q.P.S.C.,95.6%,8.43% ⚠️
AMAG,5,FAIRFAX ASIA LIMITED,96.8%,8.48% ⚠️
AGRS,2,INDUSTRIAL BANK OF KOREA,94.5%,8.51% ⚠️
IDPR,5,MANUEL DJUNAKO,94.5%,8.51% ⚠️
TRJA,4,PT SAMINDO RESOURCES TBK,92.4%,8.63% ⚠️
CSRA,7,PT. VERDAN SAWIT LESTARI,93.3%,8.65% ⚠️
SHID,6,PT EMPU SAHID INTERNATIONAL,97.6%,8.73% ⚠️
NZIA,7,RICHARD RACHMADI WIRIAHARDJA,94.3%,8.74% ⚠️
CINT,13,PT.TRITIRTA INTI MANDIRI,93.2%,8.75% ⚠️
YUPI,6,CONFECTIONERY CONSUMER PRODUCTS INDONESIA,98.9%,8.81% ⚠️
ACST,1,PT. KARYA SUPRA PERKASA,91.2%,8.83% ⚠️
MTSM,11,PT YAKIN WISKON,94.8%,8.83% ⚠️
TOTO,5,TOTO LIMITED,91.2%,8.83% ⚠️
MGNA,13,PT Bhuwanatala Indah Permai Tbk,95.0%,8.88% ⚠️
CDIA,3,PT CHANDRA ASRI PACIFIC TBK,91.0%,9.00% ⚠️
BBMD,6,MESTIKA BENUA MAS,98.3%,9.07% ⚠️
JRPT,8,PT. PEMBANGUNAN JAYA,93.0%,9.13% ⚠️
BLES,5,GLOBAL BASE UNIVERSAL,92.3%,9.19% ⚠️
ETWA,6,PT MORDRED INVESTAMA INDONESIA,90.8%,9.19% ⚠️
BOAT,6,SUJAYA SOEKARNO PUTRA,90.8%,9.20% ⚠️
SGRO,7,AGPA PTE. LTD.,90.8%,9.23% ⚠️
BSSR,4,PT WAHANA SENTOSA CEMERLANG,90.7%,9.26% ⚠️
RMKE,11,PT RMK INVESTAMA,90.7%,9.26% ⚠️
BELL,3,PT TRISULA INTERNATIONAL TBK,90.7%,9.27% ⚠️
IPAC,3,APAC INVESTMENT 2 PTE LTD,98.1%,9.40% ⚠️
KLIN,4,PT. SAMICO CAPITAL UTAMA MULIA,93.1%,9.42% ⚠️
RELI,6,"RELIANCE CAPITAL MANAGEMENT, PT",97.7%,9.45% ⚠️
GOLD,7,"PT TOWER BERSAMA INFRASTRUCTURE, TBK, PT",98.5%,9.50% ⚠️
INDS,3,INDOPRIMA GEMILANG,95.4%,9.50% ⚠️
TSPC,1,PT. BOGAMULIA NAGADI,90.5%,9.50% ⚠️
VICI,6,PT. SUKSES SEJATI SEJAHTERA,95.1%,9.52% ⚠️
MLBI,2,HEINEKEN INTERNATIONAL B.V,90.4%,9.60% ⚠️
MASB,10,DANABINA SENTANA,94.9%,9.61% ⚠️
MKTR,8,FUAD HASAN MASYHUR,96.9%,9.69% ⚠️
BREN,4,PT Barito Pacific Tbk,93.6%,9.76% ⚠️
SKBM,11,TAEL TWO PARTNERS LTD,91.7%,9.79% ⚠️
AMAN,7,PT GRIYA PRIMA AMANDA (GPA),97.8%,9.80% ⚠️
CNTX,6,SERI A PREFEREN PT PROSPECT MOTOR,92.7%,9.87% ⚠️
WIKA,1,PERUSAHAAN PERSEROAN (PERSERO) PT DANANTARA ASSET MANAGEMENT,90.1%,9.89% ⚠️
INPC,28,PT CAKRA INTI UTAMA,93.3%,9.90% ⚠️
BRIS,4,PT BANK MANDIRI,91.3%,9.91% ⚠️
INPP,7,GRAHATAMA KREASIBARU,96.5%,9.91% ⚠️
BSBK,5,CLARISSA ADY SUMASTO TJIA,90.0%,9.96% ⚠️
ADCP,1,ADHI KARYA PERSERO TBK PT.,90.0%,10.00% ⚠️
MERK,5,MERCK HOLDING GMBH,92.5%,10.01% ⚠️
BSIM,15,PT SINAR MAS MULTIARTHA Tbk,95.0%,10.05% ⚠️
CASA,13,PT CAPITAL STRATEGIC INVESCO,89.9%,10.07% ⚠️
CAMP,5,SABANA PRAWIRA WIDJAJA,95.0%,10.08% ⚠️
ZYRX,7,TIMOTHY SIDDIK SHU,91.0%,10.16% ⚠️
KAEF,2,PT BIO FARMA (Persero),94.3%,10.18% ⚠️
BDKR,12,TAN JOHN TANUWIJAYA,96.0%,10.22% ⚠️
PTPW,6,ANDREAS WIDHATAMA KURNIAWAN,89.8%,10.24% ⚠️
ASBI,8,PT SRIHANA UTAMA,94.6%,10.27% ⚠️
MKAP,5,PT. INTERNATIONAL SAWO RESOURCES,92.1%,10.28% ⚠️
PALM,6,PT PROVIDENT CAPITAL INDONESIA,97.5%,10.28% ⚠️
BMSR,11,Chance Stand Finance Limited,94.0%,10.30% ⚠️
TIRA,7,PT WIDJAJATUNGGAL SEJAHTERA,95.5%,10.37% ⚠️
MEGA,12,PT MEGA CORPORA,98.4%,10.40% ⚠️
ASDM,7,"EQUITY DEVELOPMENT INVESTMENT, PT.",93.4%,10.44% ⚠️
BBSS,6,AGUNG ALAM ANUGRAH PT,94.6%,10.48% ⚠️
PUDP,11,PT. ISTANA KUTA RATU PRESTIGE,91.3%,10.51% ⚠️
YPAS,3,PT HASTAGRAHA BUMIPERSADA,97.5%,10.53% ⚠️
FISH,5,PT.FKS CORPORINDO INDONESIA,99.1%,10.54% ⚠️
CASS,7,ROKET CIPTA SENTOSA PT,94.3%,10.66% ⚠️
AMMN,9,PT SUMBER GEMILANG PERSADA,90.3%,10.77% ⚠️
NICK,9,PT. INDOVEST CENTRAL,98.5%,10.82% ⚠️
BBLD,9,PT. SARI DASA KARSA,96.1%,10.90% ⚠️
SRTG,3,EDWIN SOERYADJAYA,89.0%,10.99% ⚠️
LPCK,1,"KEMUNING SATIATAMA, PT.",89.0%,11.00% ⚠️
RSCH,6,PT. WAHYU AGUNG,92.4%,11.00% ⚠️
PSAT,6,PROFITAMA HASIL INDAH,91.3%,11.05% ⚠️
PBSA,5,PT ASCEND BANGUN PERSADA,90.6%,11.08% ⚠️
SAME,2,PT ELANG MAHKOTA TEKNOLOGI TBK,88.9%,11.10% ⚠️
APLN,3,"INDOFICA, PT",88.8%,11.16% ⚠️
AXIO,8,PT EXA NUSA PERSADA,92.8%,11.27% ⚠️
HATM,6,PT HABCO PRIMATAMA,93.6%,11.29% ⚠️
CAKK,3,KOBIN KERAMIK INDUSTRI PT,91.9%,11.36% ⚠️
CBDK,2,PANTAI INDAH KAPUK DUA TBK PT,88.6%,11.36% ⚠️
DSSA,6,PT SINAR MAS TUNGGAL,92.4%,11.37% ⚠️
VICO,9,PT Gratamulia Pratama,90.9%,11.39% ⚠️
SCMA,2,PT ELANG MAHKOTA TEKNOLOGI TBK,88.6%,11.43% ⚠️
PTMR,8,MITRA PACK TBK,93.5%,11.54% ⚠️
APLI,5,PT MACO AMANGRAHA,94.5%,11.57% ⚠️
NISP,3,OCBC OVERSEAS INVESTMENTS PTE. LTD,88.4%,11.59% ⚠️
CLEO,6,PT. TANCORP GLOBAL ABADI,88.4%,11.62% ⚠️
FORU,3,IMR ASIA HOLDING PTE LTD,90.7%,11.64% ⚠️
KDSI,5,"KITASUBUR UTAMA, PT",93.9%,11.70% ⚠️
BEER,6,PT. MAJU MINUMAN MINAHASA,96.2%,11.75% ⚠️
ALKA,5,GESIT PERKASA,93.1%,11.78% ⚠️
LMPI,8,HIDAYAT ALIM,96.9%,11.79% ⚠️
ABMM,4,PT TIARA MARGA TRAKINDO,88.2%,11.81% ⚠️
RLCO,9,REALCO OMEGA INVESTAMA PT,95.3%,11.84% ⚠️
BIKE,11,HENRY MULYADI,91.8%,11.88% ⚠️
KINO,7,PT. KINO INVESTINDO,97.0%,11.94% ⚠️
WMPP,8,TUMIYANA,91.6%,11.97% ⚠️
BUAH,12,HENDRO SUSILO,95.1%,11.98% ⚠️
MSTI,7,JUPRI WIJAYA,90.5%,11.98% ⚠️
RAAM,8,RAM JETHMAL PUNJABI,90.2%,12.00% ⚠️
SURI,3,HANSEN JAP,89.4%,12.00% ⚠️
IRRA,4,PT GLOBAL DINAMIKA KENCANA,87.9%,12.07% ⚠️
BVIC,8,PT. Victoria Investama Tbk,91.0%,12.13% ⚠️
TBMS,7,The Furukawa Electric Co.Ltd.,91.7%,12.14% ⚠️
ADMR,3,ALAMTRI RESOURCES INDONESIA TBK PT,87.8%,12.18% ⚠️
ADMG,6,PROVESTMENT LIMITED,90.5%,12.19% ⚠️
ASRM,9,SYAHRIL,88.8%,12.26% ⚠️
BIMA,3,GOLDEN LESTARI PT,90.3%,12.30% ⚠️
PSGO,7,PT JALINANKASIH SESAMA,98.8%,12.31% ⚠️
IPCM,4,PT PELINDO JASA MARITIM,92.8%,12.33% ⚠️
ALDO,13,PT.GOLDEN ARISTA INTERNATIONAL,95.8%,12.43% ⚠️
BOBA,12,HENGKY WIJAYA,96.5%,12.44% ⚠️
POWR,7,PT. UDINDA WAHANATAMA,90.9%,12.44% ⚠️
DWGL,14,HAWTHORN-CAPITAL INVESTMENT PTE. LTD.,97.7%,12.56% ⚠️
BLOG,6,PT SIGMANTARA ALFINDO,90.3%,12.63% ⚠️
PNBN,6,PT. PANIN FINANCIAL Tbk,88.4%,12.64% ⚠️
HALO,5,HANSEN JAP,89.5%,12.67% ⚠️
VTNY,9,"CARTA HOLDINGS Co., Ltd.",87.2%,12.82% ⚠️
AVIA,8,PT TANCORP SURYA SENTOSA,87.0%,12.96% ⚠️
TFAS,7,PT. KRESNA ASSET MANAGEMENT S/A PT. M CASH INTEGRASI TBK,87.0%,13.03% ⚠️
MIKA,9,PT GRIYA INSANI CAKRA SADAYA,86.9%,13.10% ⚠️
PSDN,7,PT PRASIDHA,91.5%,13.11% ⚠️
AGRO,2,"PT BANK RAKYAT INDONESIA (PERSERO), TBK",89.3%,13.15% ⚠️
SDPC,6,PHARMANIAGA INTERNATIONAL CORPORATION SDN.BHD,91.2%,13.16% ⚠️
SMKL,5,PT. SATYAMITRA INVESTINDO PRATAMA,90.0%,13.16% ⚠️
INPS,3,PT. SURYA PERKASA SENTOSA,88.1%,13.29% ⚠️
PEVE,4,TANCORP MEGA BUANA PT,88.1%,13.47% ⚠️
UCID,8,UNICHARM CORPORATION,89.5%,13.49% ⚠️
BABP,4,PT MNC KAPITAL INDONESIA TBK,86.3%,13.66% ⚠️
SIMP,5,INDOFOOD AGRI RESOURCES LTD.,87.8%,13.77% ⚠️
BATA,3,BAFIN (NEDERLAND) B.V.,91.5%,13.81% ⚠️
AMFG,5,AGC Inc.,91.3%,13.84% ⚠️
EKAD,5,PT. EKADHARMA INTI PERKASA,93.1%,13.86% ⚠️
PBID,5,PT ALPHEN INTERNASIONAL CORPORINDO,87.8%,13.87% ⚠️
KDTN,6,PUTRASAKTI MANDIRI PT,90.8%,13.88% ⚠️
HERO,6,MULGRAVE CORPORATION B.V.,96.7%,13.91% ⚠️
MBMA,14,"MERDEKA ENERGI NUSANTARA, PT",88.4%,13.93% ⚠️
KKGI,8,ENERGY COLLIER PRIVATE LIMITED,87.9%,13.95% ⚠️
AUTO,3,PT ASTRA INTERNATIONAL TBK,86.0%,14.01% ⚠️
ACRO,4,TAE SUNG CHUNG,89.7%,14.06% ⚠️
MAYA,11,MAYAPADA KARUNIA PT,94.5%,14.06% ⚠️
BISI,14,AGRINDO PRATAMA,87.3%,14.14% ⚠️
MYOR,6,UNITA BRANINDO,88.3%,14.15% ⚠️
GWSA,7,PRIMA PERMATA SEJAHTERA,93.0%,14.32% ⚠️
DATA,4,VERAH WAHYUDI S WONG,86.7%,14.46% ⚠️
FORE,8,FORE HOLDINGS PTE. LTD.,95.6%,14.48% ⚠️
CBPE,6,SANDHI PARAMA NUSA,97.2%,14.59% ⚠️
MITI,6,PT. PRIME ASIA CAPITAL,85.4%,14.59% ⚠️
HRME,2,PT WIJAYA WISESA REALTY,86.6%,14.61% ⚠️
KMDS,9,PT DIMA INVESTINDO,91.2%,14.63% ⚠️
BIPP,8,SAFIRE CAPITAL PTE.LTD.,87.0%,14.66% ⚠️
MINE,6,PT MITRA BERKARYA SUKSES SELALU,93.2%,14.75% ⚠️
BEEF,5,ASIA AGRI INTERNATIONAL PTE LTD,89.2%,14.77% ⚠️
ISAT,6,OOREDOO HUTCHISON ASIA PTE. LTD.,88.6%,14.78% ⚠️
APII,9,"ARITA GLOBAL,PT",96.8%,14.82% ⚠️
LRNA,8,LORENA,93.2%,14.91% ⚠️
SFAN,6,PT SURYA FAJAR CORPORA,87.1%,14.95% ⚠️
TRIO,8,"SUKSES PERDANA PRIMA, PT",98.0%,14.96% ⚠️
LION,11,LION HOLDINGS SDN BHD,91.4%,15.00%
